product,category,buying_price,selling_price,quantity,total,profit,date
Orange,Ball,17,25,5,125,40,January
Orange,Ball,17,25,5,125,40,January
Water Melon,Sliced,120,200,1.5,300,120,January
Paw-Paw,Sliced,175,250,1,250,75,January
Orange,Ball,17,25,5,125,40,January
Banana,Piece,25,30,6,180,30,January
Banana,Bunch,25,30,6,180,30,January
Orange,Ball,17,25,5,125,40,January
Paw-Paw,Ball,175,250,1,250,75,January
Banana,Bunch,25,30,6,180,30,January
Pine Apple,Sliced,270,350,1.3,455,104,January
Strawberry,Bag,350,500,1.1,550,165,January
Strawberry,Bag,350,500,1.1,550,165,January
Pine Apple,Sliced,270,350,1.3,455,104,January
Apple,Ball,70,100,1.2,120,36,January
Paw-Paw,Ball,175,250,1,250,75,January
Orange,Ball,17,25,5,125,40,January
Orange,Ball,17,25,5,125,40,January
Banana,Bunch,25,30,6,180,30,January
Water Melon,Sliced,120,200,1.5,300,120,January
Orange,Ball,17,25,5,125,40,January
Orange,Ball,17,25,5,125,40,January
Water Melon,Sliced,120,200,1.5,300,120,January
Banana,Bunch,25,30,6,180,30,January
Banana,Piece,25,30,6,180,30,January
Orange,Ball,17,25,5,125,40,January
Apple,Piece,70,100,1.2,120,36,January
Strawberry,Bag,350,500,1.1,550,165,January
Paw-Paw,Ball,175,250,1,250,75,January
Pine Apple,Sliced,270,350,1.3,455,104,January
Banana,Bunch,25,30,6,180,30,January
Pine Apple,Ball,270,350,1.3,455,104,January
Water Melon,Sliced,120,200,1.5,300,120,January
Apple,Bag,70,100,1.2,120,36,January
Paw-Paw,Sliced,175,250,1,250,75,January
Paw-Paw,Sliced,175,250,1,250,75,January
Orange,Ball,17,25,5,125,40,January
Banana,Bunch,25,30,6,180,30,January
Apple,Ball,70,100,1.2,120,36,January
Strawberry,Bag,350,500,1.1,550,165,January
Strawberry,Bag,350,500,1.1,550,165,January
Water Melon,Sliced,120,200,1.5,300,120,January
Strawberry,Bag,350,500,1.1,550,165,January
Grapes,Bag,240,350,1.3,455,143,January
Banana,Bunch,25,30,6,180,30,January
Banana,Bunch,25,30,6,180,30,January
Banana,Bunch,25,30,6,180,30,January
Orange,Ball,17,25,5,125,40,January
Orange,Ball,17,25,5,125,40,January
Water Melon,,120,200,1.5,300,120,January
Orange,Ball,17,25,5,125,40,January
Orange,Ball,17,25,5,125,40,January
Orange,Ball,17,25,5,125,40,January
Banana,,25,30,6,180,30,January
Paw-Paw,,175,250,1,250,75,January
Water Melon,,120,200,1.5,300,120,January
Water Melon,,120,200,1.5,300,120,January
Water Melon,,120,200,1.5,300,120,January
Orange,Ball,17,25,5,125,40,January
Water Melon,,120,200,1.5,300,120,January
Grapes,,240,350,1.3,455,143,January
Mango,Ball,80,100,1,100,20,January
Banana,,25,30,6,180,30,January
Orange,,17,25,5,125,40,January
Water Melon,,120,200,1.5,300,120,January
Pine Apple,,270,350,1.3,455,104,January
Paw-Paw,,175,250,1,250,75,January
Paw-Paw,,175,250,1,250,75,January
Orange,Ball,17,25,5,125,40,January
Banana,,25,30,6,180,30,January
Banana,,25,30,6,180,30,January
Mango,,80,100,1,100,20,January
Mango,,80,100,1,100,20,January
Water Melon,,120,200,1.5,300,120,January
Water Melon,,120,200,1.5,300,120,January
Water Melon,,120,200,1.5,300,120,January
Orange,Ball,17,25,5,125,40,January
Water Melon,,120,200,1.5,300,120,January
Orange,Ball,17,25,5,125,40,January
Water Melon,,120,200,1.5,300,120,January
Orange,Ball,17,25,5,125,40,January
Water Melon,,120,200,1.5,300,120,January
Orange,Ball,17,25,5,125,40,January
Strawberry,,350,500,1.1,550,165,January
Strawberry,,350,500,1.1,550,165,January
Paw-Paw,,175,250,1,250,75,January
Pine Apple,,270,350,1.3,455,104,January
Pine Apple,,270,350,1.3,455,104,January
Strawberry,,350,500,1.1,550,165,January
Strawberry,,350,500,1.1,550,165,January
Grapes,,240,350,1.3,455,143,January
Orange,Ball,17,25,5,125,40,January
Banana,,25,30,6,180,30,January
Banana,,25,30,6,180,30,January
Orange,Ball,17,25,5,125,40,January
Water Melon,,120,200,1.5,300,120,January
Mango,,80,100,1,100,20,January
Grapes,,240,350,1.3,455,143,January
Paw-Paw,,175,250,1,250,75,January
Pine Apple,,270,350,1.3,455,104,January
Orange,Bag,17,25,5,125,40,January
Orange,Ball,17,25,5,125,40,January
Banana,,25,30,6,180,30,January
Mango,Ball,80,100,1,100,20,January
Grapes,,240,350,1.3,455,143,January
Paw-Paw,,175,250,1,250,75,January
Strawberry,,350,500,1.1,550,165,January
Water Melon,,120,200,1.5,300,120,January
Water Melon,,120,200,1.5,300,120,January
Orange,Ball,17,25,5,125,40,January
Water Melon,,120,200,1.5,300,120,January
Banana,,25,30,6,180,30,January
Grapes,,240,350,1.3,455,143,January
Strawberry,,350,500,1.1,550,165,January
Apple,,70,100,1.2,120,36,January
Apple,,70,100,1.2,120,36,January
Apple,,70,100,1.2,120,36,January
Paw-Paw,,175,250,1,250,75,January
Pine Apple,,270,350,1.3,455,104,January
Water Melon,,120,200,1.5,300,120,January
Water Melon,,120,200,1.5,300,120,January
Orange,Ball,17,25,5,125,40,January
Water Melon,,120,200,1.5,300,120,January
Orange,,17,25,5,125,40,January
Water Melon,,120,200,1.5,300,120,January
Orange,,17,25,5,125,40,January
Banana,,25,30,6,180,30,January
Paw-Paw,,175,250,1,250,75,January
Pine Apple,,270,350,1.3,455,104,January
Paw-Paw,,175,250,1,250,75,January
Apple,,70,100,1.2,120,36,January
Apple,,70,100,1.2,120,36,January
Water Melon,,120,200,1.5,300,120,January
Water Melon,,120,200,1.5,300,120,January
Paw-Paw,,175,250,1,250,75,January
Pine Apple,,270,350,1.3,455,104,January
Grapes,,240,350,1.3,455,143,January
Banana,,25,30,6,180,30,January
Orange,,17,25,5,125,40,January
Mango,,80,100,1,100,20,January
Mango,,80,100,1,100,20,January
Grapes,,240,350,1.3,455,143,January
Strawberry,,350,500,1.1,550,165,January
Paw-Paw,,175,250,1,250,75,January
Pine Apple,,270,350,1.3,455,104,January
Pine Apple,,270,350,1.3,455,104,January
Orange,,17,25,5,125,40,January
Water Melon,,120,200,1.5,300,120,January
Banana,,25,30,6,180,30,January
Orange,,17,25,5,125,40,January
Water Melon,,120,200,1.5,300,120,January
Orange,,17,25,5,125,40,January
Banana,,25,30,6,180,30,January
Water Melon,,120,200,1.5,300,120,January
Water Melon,,120,200,1.5,300,120,January
Paw-Paw,,175,250,1,250,75,January
Water Melon,,120,200,1.5,300,120,January
Banana,,25,30,6,180,30,January
Orange,,17,25,5,125,40,January
Orange,,17,25,5,125,40,January
Orange,,17,25,5,125,40,January
Orange,,17,25,5,125,40,January
Water Melon,,120,200,1.5,300,120,January
Orange,,17,25,5,125,40,January
Water Melon,,120,200,1.5,300,120,January
Orange,,17,25,5,125,40,January
Water Melon,,120,200,1.5,300,120,January
Orange,,17,25,5,125,40,January
Water Melon,,120,200,1.5,300,120,January
Orange,,17,25,5,125,40,January
Water Melon,,120,200,1.5,300,120,January
Pine Apple,,270,350,1.3,455,104,January
Grapes,,240,350,1.3,455,143,January
Mango,,80,100,1,100,20,January
Paw-Paw,,175,250,1,250,75,January
Apple,,70,100,1.2,120,36,January
Apple,,70,100,1.2,120,36,January
Paw-Paw,,175,250,1,250,75,January
Strawberry,,350,500,1.1,550,165,January
Water Melon,,120,200,1.5,300,120,January
Strawberry,,350,500,1.1,550,165,January
Water Melon,,120,200,1.5,300,120,January
Paw-Paw,,175,250,1,250,75,January
Grapes,,240,350,1.3,455,143,January
Grapes,,240,350,1.3,455,143,January
Mango,,80,100,1,100,20,January
Strawberry,,350,500,1.1,550,165,January
Mango,,80,100,1,100,20,January
Water Melon,,120,200,1.5,300,120,January
Paw-Paw,,175,250,1,250,75,January
Banana,,25,30,6,180,30,January
Pine Apple,,270,350,1.3,455,104,January
Paw-Paw,,175,250,1,250,75,January
Water Melon,,120,200,1.5,300,120,January
Pine Apple,,270,350,1.3,455,104,January
Pine Apple,,270,350,1.3,455,104,January
Banana,,25,30,6,180,30,January
Orange,,17,25,5,125,40,January
Apple,,70,100,1.2,120,36,January
Paw-Paw,,175,250,1,250,75,January
Pine Apple,,270,350,1.3,455,104,January
Orange,,17,25,5,125,40,January
Paw-Paw,,175,250,1,250,75,January
Pine Apple,,270,350,1.3,455,104,January
Banana,,25,30,6,180,30,January
Strawberry,,350,500,1.1,550,165,January
Banana,,25,30,6,180,30,January
Mango,,80,100,1,100,20,January
Grapes,,240,350,1.3,455,143,January
Water Melon,,120,200,1.5,300,120,January
Pine Apple,,270,350,1.3,455,104,January
Paw-Paw,,175,250,1,250,75,January
Banana,,25,30,6,180,30,January
Grapes,,240,350,1.3,455,143,January
Mango,,80,100,1,100,20,January
Paw-Paw,,175,250,1,250,75,January
Pine Apple,,270,350,1.3,455,104,January
Grapes,,240,350,1.3,455,143,January
Mango,,80,100,1,100,20,January
Grapes,,240,350,1.3,455,143,January
Grapes,,240,350,1.3,455,143,January
Strawberry,,350,500,1.1,550,165,January
Apple,,70,100,1.2,120,36,January
Apple,,70,100,1.2,120,36,January
Apple,,70,100,1.2,120,36,January
Water Melon,,120,200,1.5,300,120,January
Mango,,80,100,1,100,20,January
Strawberry,,350,500,1.1,550,165,January
Paw-Paw,,175,250,1,250,75,January
Strawberry,,350,500,1.1,550,165,January
Apple,,70,100,1.2,120,36,January
Mango,,80,100,1,100,20,January
Grapes,,240,350,1.3,455,143,January
Grapes,,240,350,1.3,455,143,January
Orange,,17,25,5,125,40,January
Orange,,17,25,5,125,40,January
Water Melon,,120,200,1.5,300,120,January
Paw-Paw,,175,250,1,250,75,January
Orange,,17,25,5,125,40,January
Banana,,25,30,6,180,30,January
Banana,,25,30,6,180,30,January
Orange,,17,25,5,125,40,January
Paw-Paw,,175,250,1,250,75,January
Banana,,25,30,6,180,30,January
Pine Apple,,270,350,1.3,455,104,January
Strawberry,,350,500,1.1,550,165,January
Strawberry,,350,500,1.1,550,165,January
Pine Apple,,270,350,1.3,455,104,January
Apple,,70,100,1.2,120,36,January
Paw-Paw,,175,250,1,250,75,January
Orange,,17,25,5,125,40,January
Orange,,17,25,5,125,40,January
Banana,,25,30,6,180,30,January
Water Melon,,120,200,1.5,300,120,January
Orange,,17,25,5,125,40,January
Orange,,17,25,5,125,40,January
Water Melon,,120,200,1.5,300,120,January
Banana,,25,30,6,180,30,January
Banana,,25,30,6,180,30,January
Orange,,17,25,5,125,40,January
Apple,,70,100,1.2,120,36,January
Strawberry,,350,500,1.1,550,165,January
Paw-Paw,,265,300,1.5,450,52.5,February
Pine Apple,,350,500,2,1000,300,February
Banana,,15,20,8,160,40,February
Pine Apple,,350,500,2,1000,300,February
Water Melon,,70,120,3,360,150,February
Apple,,100,120,3,360,60,February
Paw-Paw,,265,300,1.5,450,52.5,February
Paw-Paw,,265,300,1.5,450,52.5,February
Orange,,15,20,6,120,30,February
Banana,,15,20,8,160,40,February
Apple,,100,120,3,360,60,February
Strawberry,,410,500,2,1000,180,February
Strawberry,,410,500,2,1000,180,February
Water Melon,,70,120,3,360,150,February
Strawberry,,410,500,2,1000,180,February
Grapes,,360,450,1.2,540,108,February
Banana,,15,20,8,160,40,February
Banana,,15,20,8,160,40,February
Banana,,15,20,8,160,40,February
Orange,,15,20,6,120,30,February
Orange,,15,20,6,120,30,February
Water Melon,,70,120,3,360,150,February
Orange,,15,20,6,120,30,February
Orange,,15,20,6,120,30,February
Orange,,15,20,6,120,30,February
Banana,,15,20,8,160,40,February
Paw-Paw,,265,300,1.5,450,52.5,February
Water Melon,,70,120,3,360,150,February
Water Melon,,70,120,3,360,150,February
Water Melon,,70,120,3,360,150,February
Orange,,15,20,6,120,30,February
Water Melon,,70,120,3,360,150,February
Grapes,,360,450,1.2,540,108,February
Mango,,120,150,2,300,60,February
Banana,,15,20,8,160,40,February
Orange,,15,20,6,120,30,February
Water Melon,,70,120,3,360,150,February
Pine Apple,,350,500,2,1000,300,February
Paw-Paw,,265,300,1.5,450,52.5,February
Paw-Paw,,265,300,1.5,450,52.5,February
Orange,,15,20,6,120,30,February
Banana,,15,20,8,160,40,February
Banana,,15,20,8,160,40,February
Mango,,120,150,2,300,60,February
Mango,,120,150,2,300,60,February
Water Melon,,70,120,3,360,150,February
Water Melon,,70,120,3,360,150,February
Water Melon,,70,120,3,360,150,February
Orange,,15,20,6,120,30,February
Water Melon,,70,120,3,360,150,February
Orange,,15,20,6,120,30,February
Water Melon,,70,120,3,360,150,February
Orange,,15,20,6,120,30,February
Water Melon,,70,120,3,360,150,February
Orange,,15,20,6,120,30,February
Strawberry,,410,500,2,1000,180,February
Strawberry,,410,500,2,1000,180,February
Paw-Paw,,265,300,1.5,450,52.5,February
Pine Apple,,350,500,2,1000,300,February
Pine Apple,,350,500,2,1000,300,February
Strawberry,,410,500,2,1000,180,February
Strawberry,,410,500,2,1000,180,February
Grapes,,360,450,1.2,540,108,February
Orange,,15,20,6,120,30,February
Banana,,15,20,8,160,40,February
Banana,,15,20,8,160,40,February
Orange,,15,20,6,120,30,February
Water Melon,,70,120,3,360,150,February
Mango,,120,150,2,300,60,February
Grapes,,360,450,1.2,540,108,February
Paw-Paw,,265,300,1.5,450,52.5,February
Pine Apple,,350,500,2,1000,300,February
Orange,,15,20,6,120,30,February
Orange,,15,20,6,120,30,February
Banana,,15,20,8,160,40,February
Mango,,120,150,2,300,60,February
Grapes,,360,450,1.2,540,108,February
Paw-Paw,,265,300,1.5,450,52.5,February
Strawberry,,410,500,2,1000,180,February
Water Melon,,70,120,3,360,150,February
Water Melon,,70,120,3,360,150,February
Orange,,15,20,6,120,30,February
Water Melon,,70,120,3,360,150,February
Banana,,15,20,8,160,40,February
Grapes,,360,450,1.2,540,108,February
Strawberry,,410,500,2,1000,180,February
Apple,,100,120,3,360,60,February
Apple,,100,120,3,360,60,February
Apple,,100,120,3,360,60,February
Paw-Paw,,265,300,1.5,450,52.5,February
Pine Apple,,350,500,2,1000,300,February
Water Melon,,70,120,3,360,150,February
Water Melon,,70,120,3,360,150,February
Orange,,15,20,6,120,30,February
Water Melon,,70,120,3,360,150,February
Orange,,15,20,6,120,30,February
Water Melon,,70,120,3,360,150,February
Orange,,15,20,6,120,30,February
Banana,,15,20,8,160,40,February
Paw-Paw,,265,300,1.5,450,52.5,February
Pine Apple,,350,500,2,1000,300,February
Paw-Paw,,265,300,1.5,450,52.5,February
Apple,,100,120,3,360,60,February
Apple,,100,120,3,360,60,February
Water Melon,,70,120,3,360,150,February
Water Melon,,70,120,3,360,150,February
Paw-Paw,,265,300,1.5,450,52.5,February
Pine Apple,,350,500,2,1000,300,February
Grapes,,360,450,1.2,540,108,February
Banana,,15,20,8,160,40,February
Orange,,15,20,6,120,30,February
Mango,,120,150,2,300,60,February
Mango,,120,150,2,300,60,February
Grapes,,360,450,1.2,540,108,February
Strawberry,,410,500,2,1000,180,February
Paw-Paw,,265,300,1.5,450,52.5,February
Pine Apple,,350,500,2,1000,300,February
Pine Apple,,350,500,2,1000,300,February
Orange,,15,20,6,120,30,February
Water Melon,,70,120,3,360,150,February
Banana,,15,20,8,160,40,February
Orange,,15,20,6,120,30,February
Water Melon,,70,120,3,360,150,February
Orange,,15,20,6,120,30,February
Banana,,15,20,8,160,40,February
Water Melon,,70,120,3,360,150,February
Water Melon,,70,120,3,360,150,February
Paw-Paw,,265,300,1.5,450,52.5,February
Water Melon,,70,120,3,360,150,February
Banana,,15,20,8,160,40,February
Orange,,15,20,6,120,30,February
Orange,,15,20,6,120,30,February
Orange,,15,20,6,120,30,February
Orange,,15,20,6,120,30,February
Water Melon,,70,120,3,360,150,February
Orange,,15,20,6,120,30,February
Water Melon,,70,120,3,360,150,February
Orange,,15,20,6,120,30,February
Water Melon,,70,120,3,360,150,February
Orange,,15,20,6,120,30,February
Water Melon,,70,120,3,360,150,February
Orange,,15,20,6,120,30,February
Water Melon,,70,120,3,360,150,February
Pine Apple,,350,500,2,1000,300,February
Grapes,,360,450,1.2,540,108,February
Mango,,120,150,2,300,60,February
Paw-Paw,,265,300,1.5,450,52.5,February
Apple,,100,120,3,360,60,February
Apple,,100,120,3,360,60,February
Paw-Paw,,265,300,1.5,450,52.5,February
Strawberry,,410,500,2,1000,180,February
Water Melon,,70,120,3,360,150,February
Strawberry,,410,500,2,1000,180,February
Water Melon,,70,120,3,360,150,February
Paw-Paw,,265,300,1.5,450,52.5,February
Grapes,,360,450,1.2,540,108,February
Grapes,,360,450,1.2,540,108,February
Mango,,120,150,2,300,60,February
Strawberry,,410,500,2,1000,180,February
Mango,,120,150,2,300,60,February
Water Melon,,70,120,3,360,150,February
Paw-Paw,,265,300,1.5,450,52.5,February
Banana,,15,20,8,160,40,February
Pine Apple,,350,500,2,1000,300,February
Paw-Paw,,265,300,1.5,450,52.5,February
Water Melon,,70,120,3,360,150,February
Pine Apple,,350,500,2,1000,300,February
Pine Apple,,350,500,2,1000,300,February
Banana,,15,20,8,160,40,February
Orange,,15,20,6,120,30,February
Apple,,100,120,3,360,60,February
Paw-Paw,,265,300,1.5,450,52.5,February
Pine Apple,,350,500,2,1000,300,February
Orange,,15,20,6,120,30,February
Paw-Paw,,265,300,1.5,450,52.5,February
Pine Apple,,350,500,2,1000,300,February
Banana,,15,20,8,160,40,February
Strawberry,,410,500,2,1000,180,February
Banana,,15,20,8,160,40,February
Mango,,120,150,2,300,60,February
Grapes,,360,450,1.2,540,108,February
Water Melon,,70,120,3,360,150,February
Pine Apple,,350,500,2,1000,300,February
Paw-Paw,,265,300,1.5,450,52.5,February
Banana,,15,20,8,160,40,February
Grapes,,360,450,1.2,540,108,February
Mango,,120,150,2,300,60,February
Paw-Paw,,265,300,1.5,450,52.5,February
Pine Apple,,350,500,2,1000,300,February
Grapes,,360,450,1.2,540,108,February
Mango,,120,150,2,300,60,February
Grapes,,360,450,1.2,540,108,February
Grapes,,360,450,1.2,540,108,February
Strawberry,,410,500,2,1000,180,February
Apple,,100,120,3,360,60,February
Apple,,100,120,3,360,60,February
Apple,,100,120,3,360,60,February
Water Melon,,70,120,3,360,150,February
Mango,,120,150,2,300,60,February
Strawberry,,410,500,2,1000,180,February
Paw-Paw,,265,300,1.5,450,52.5,February
Strawberry,,410,500,2,1000,180,February
Apple,,100,120,3,360,60,February
Mango,,120,150,2,300,60,February
Grapes,,360,450,1.2,540,108,February
Grapes,,360,450,1.2,540,108,February
Mango,,120,150,2,300,60,February
Mango,,120,150,2,300,60,February
Water Melon,,70,120,3,360,150,February
Mango,,120,150,2,300,60,February
Water Melon,,70,120,3,360,150,February
Banana,,15,20,8,160,40,February
Orange,,15,20,6,120,30,February
Orange,,15,20,6,120,30,February
Orange,,15,20,6,120,30,February
Orange,,15,20,6,120,30,February
Water Melon,,70,120,3,360,150,February
Water Melon,,70,120,3,360,150,February
Mango,,120,150,2,300,60,February
Mango,,120,150,2,300,60,February
Water Melon,,70,120,3,360,150,February
Water Melon,,70,120,3,360,150,February
Orange,,15,20,6,120,30,February
Orange,,15,20,6,120,30,February
Orange,,15,20,6,120,30,February
Water Melon,,70,120,3,360,150,February
Orange,,15,20,6,120,30,February
Mango,,120,150,2,300,60,February
Water Melon,,70,120,3,360,150,February
Orange,,15,20,6,120,30,February
Mango,,120,150,2,300,60,February
Water Melon,,70,120,3,360,150,February
Orange,,15,20,6,120,30,February
Water Melon,,70,120,3,360,150,February
Mango,,120,150,2,300,60,February
Water Melon,,70,120,3,360,150,February
Orange,,15,20,6,120,30,February
Mango,,120,150,2,300,60,February
Water Melon,,70,120,3,360,150,February
Mango,,120,150,2,300,60,February
Orange,,15,20,6,120,30,February
Paw-Paw,,265,300,1.5,450,52.5,February
Paw-Paw,,265,300,1.5,450,52.5,February
Pine Apple,,280,350,1.3,455,91,March
Pine Apple,,280,350,1.3,455,91,March
Water Melon,,60,100,2,200,80,March
Orange,,12,20,7,140,56,March
Strawberry,,390,500,1,500,110,March
Strawberry,,390,500,1,500,110,March
Paw-Paw,,270,330,1.2,396,72,March
Apple,,90,120,1.6,192,48,March
Apple,,90,120,1.6,192,48,March
Grapes,,300,460,1.5,690,240,March
Paw-Paw,,270,330,1.2,396,72,March
Grapes,,300,460,1.5,690,240,March
Paw-Paw,,270,330,1.2,396,72,March
Pine Apple,,280,350,1.3,455,91,March
Orange,,12,20,7,140,56,March
Orange,,12,20,7,140,56,March
Water Melon,,60,100,2,200,80,March
Paw-Paw,,270,330,1.2,396,72,March
Orange,,12,20,7,140,56,March
Banana,,15,20,6,120,30,March
Banana,,15,20,6,120,30,March
Orange,,12,20,7,140,56,March
Paw-Paw,,270,330,1.2,396,72,March
Banana,,15,20,6,120,30,March
Pine Apple,,280,350,1.3,455,91,March
Strawberry,,390,500,1,500,110,March
Strawberry,,390,500,1,500,110,March
Pine Apple,,280,350,1.3,455,91,March
Apple,,90,120,1.6,192,48,March
Paw-Paw,,270,330,1.2,396,72,March
Orange,,12,20,7,140,56,March
Orange,,12,20,7,140,56,March
Banana,,15,20,6,120,30,March
Water Melon,,60,100,2,200,80,March
Orange,,12,20,7,140,56,March
Orange,,12,20,7,140,56,March
Water Melon,,60,100,2,200,80,March
Banana,,15,20,6,120,30,March
Banana,,15,20,6,120,30,March
Orange,,12,20,7,140,56,March
Apple,,90,120,1.6,192,48,March
Strawberry,,390,500,1,500,110,March
Paw-Paw,,270,330,1.2,396,72,March
Pine Apple,,280,350,1.3,455,91,March
Banana,,15,20,6,120,30,March
Pine Apple,,280,350,1.3,455,91,March
Water Melon,,60,100,2,200,80,March
Apple,,90,120,1.6,192,48,March
Paw-Paw,,270,330,1.2,396,72,March
Paw-Paw,,270,330,1.2,396,72,March
Orange,,12,20,7,140,56,March
Banana,,15,20,6,120,30,March
Apple,,90,120,1.6,192,48,March
Strawberry,,390,500,1,500,110,March
Strawberry,,390,500,1,500,110,March
Water Melon,,60,100,2,200,80,March
Strawberry,,390,500,1,500,110,March
Grapes,,300,460,1.5,690,240,March
Banana,,15,20,6,120,30,March
Banana,,15,20,6,120,30,March
Banana,,15,20,6,120,30,March
Orange,,12,20,7,140,56,March
Orange,,12,20,7,140,56,March
Water Melon,,60,100,2,200,80,March
Orange,,12,20,7,140,56,March
Orange,,12,20,7,140,56,March
Orange,,12,20,7,140,56,March
Banana,,15,20,6,120,30,March
Paw-Paw,,270,330,1.2,396,72,March
Water Melon,,60,100,2,200,80,March
Water Melon,,60,100,2,200,80,March
Water Melon,,60,100,2,200,80,March
Orange,,12,20,7,140,56,March
Water Melon,,60,100,2,200,80,March
Grapes,,300,460,1.5,690,240,March
Mango,,75,100,1,100,25,March
Banana,,15,20,6,120,30,March
Orange,,12,20,7,140,56,March
Water Melon,,60,100,2,200,80,March
Pine Apple,,280,350,1.3,455,91,March
Paw-Paw,,270,330,1.2,396,72,March
Paw-Paw,,270,330,1.2,396,72,March
Orange,,12,20,7,140,56,March
Banana,,15,20,6,120,30,March
Banana,,15,20,6,120,30,March
Mango,,75,100,1,100,25,March
Mango,,75,100,1,100,25,March
Water Melon,,60,100,2,200,80,March
Water Melon,,60,100,2,200,80,March
Water Melon,,60,100,2,200,80,March
Orange,,12,20,7,140,56,March
Water Melon,,60,100,2,200,80,March
Orange,,12,20,7,140,56,March
Water Melon,,60,100,2,200,80,March
Orange,,12,20,7,140,56,March
Water Melon,,60,100,2,200,80,March
Orange,,12,20,7,140,56,March
Strawberry,,390,500,1,500,110,March
Strawberry,,390,500,1,500,110,March
Paw-Paw,,270,330,1.2,396,72,March
Pine Apple,,280,350,1.3,455,91,March
Pine Apple,,280,350,1.3,455,91,March
Strawberry,,390,500,1,500,110,March
Strawberry,,390,500,1,500,110,March
Grapes,,300,460,1.5,690,240,March
Orange,,12,20,7,140,56,March
Banana,,15,20,6,120,30,March
Banana,,15,20,6,120,30,March
Orange,,12,20,7,140,56,March
Water Melon,,60,100,2,200,80,March
Mango,,75,100,1,100,25,March
Grapes,,300,460,1.5,690,240,March
Paw-Paw,,270,330,1.2,396,72,March
Pine Apple,,280,350,1.3,455,91,March
Orange,,12,20,7,140,56,March
Orange,,12,20,7,140,56,March
Banana,,15,20,6,120,30,March
Mango,,75,100,1,100,25,March
Grapes,,300,460,1.5,690,240,March
Paw-Paw,,270,330,1.2,396,72,March
Strawberry,,390,500,1,500,110,March
Water Melon,,60,100,2,200,80,March
Water Melon,,60,100,2,200,80,March
Orange,,12,20,7,140,56,March
Water Melon,,60,100,2,200,80,March
Banana,,15,20,6,120,30,March
Grapes,,300,460,1.5,690,240,March
Strawberry,,390,500,1,500,110,March
Apple,,90,120,1.6,192,48,March
Apple,,90,120,1.6,192,48,March
Apple,,90,120,1.6,192,48,March
Paw-Paw,,270,330,1.2,396,72,March
Pine Apple,,280,350,1.3,455,91,March
Water Melon,,60,100,2,200,80,March
Water Melon,,60,100,2,200,80,March
Orange,,12,20,7,140,56,March
Water Melon,,60,100,2,200,80,March
Orange,,12,20,7,140,56,March
Water Melon,,60,100,2,200,80,March
Orange,,12,20,7,140,56,March
Banana,,15,20,6,120,30,March
Paw-Paw,,270,330,1.2,396,72,March
Pine Apple,,280,350,1.3,455,91,March
Paw-Paw,,270,330,1.2,396,72,March
Apple,,90,120,1.6,192,48,March
Apple,,90,120,1.6,192,48,March
Water Melon,,60,100,2,200,80,March
Water Melon,,60,100,2,200,80,March
Paw-Paw,,270,330,1.2,396,72,March
Pine Apple,,280,350,1.3,455,91,March
Grapes,,300,460,1.5,690,240,March
Banana,,15,20,6,120,30,March
Orange,,12,20,7,140,56,March
Mango,,75,100,1,100,25,March
Mango,,75,100,1,100,25,March
Grapes,,300,460,1.5,690,240,March
Strawberry,,390,500,1,500,110,March
Paw-Paw,,270,330,1.2,396,72,March
Pine Apple,,280,350,1.3,455,91,March
Pine Apple,,280,350,1.3,455,91,March
Orange,,12,20,7,140,56,March
Water Melon,,60,100,2,200,80,March
Banana,,15,20,6,120,30,March
Orange,,12,20,7,140,56,March
Water Melon,,60,100,2,200,80,March
Orange,,12,20,7,140,56,March
Banana,,15,20,6,120,30,March
Water Melon,,60,100,2,200,80,March
Water Melon,,60,100,2,200,80,March
Paw-Paw,,270,330,1.2,396,72,March
Water Melon,,60,100,2,200,80,March
Banana,,15,20,6,120,30,March
Orange,,12,20,7,140,56,March
Orange,,12,20,7,140,56,March
Orange,,12,20,7,140,56,March
Orange,,12,20,7,140,56,March
Water Melon,,60,100,2,200,80,March
Orange,,12,20,7,140,56,March
Water Melon,,60,100,2,200,80,March
Orange,,12,20,7,140,56,March
Water Melon,,60,100,2,200,80,March
Orange,,12,20,7,140,56,March
Water Melon,,60,100,2,200,80,March
Orange,,12,20,7,140,56,March
Water Melon,,60,100,2,200,80,March
Pine Apple,,280,350,1.3,455,91,March
Grapes,,300,460,1.5,690,240,March
Mango,,75,100,1,100,25,March
Paw-Paw,,270,330,1.2,396,72,March
Apple,,90,120,1.6,192,48,March
Apple,,90,120,1.6,192,48,March
Paw-Paw,,270,330,1.2,396,72,March
Strawberry,,390,500,1,500,110,March
Water Melon,,60,100,2,200,80,March
Strawberry,,390,500,1,500,110,March
Water Melon,,60,100,2,200,80,March
Paw-Paw,,270,330,1.2,396,72,March
Grapes,,300,460,1.5,690,240,March
Grapes,,300,460,1.5,690,240,March
Mango,,75,100,1,100,25,March
Strawberry,,390,500,1,500,110,March
Mango,,75,100,1,100,25,March
Water Melon,,60,100,2,200,80,March
Paw-Paw,,270,330,1.2,396,72,March
Banana,,15,20,6,120,30,March
Pine Apple,,280,350,1.3,455,91,March
Paw-Paw,,270,330,1.2,396,72,March
Water Melon,,60,100,2,200,80,March
Pine Apple,,280,350,1.3,455,91,March
Pine Apple,,280,350,1.3,455,91,March
Banana,,15,20,6,120,30,March
Orange,,12,20,7,140,56,March
Apple,,90,120,1.6,192,48,March
Paw-Paw,,270,330,1.2,396,72,March
Pine Apple,,280,350,1.3,455,91,March
Orange,,12,20,7,140,56,March
Paw-Paw,,270,330,1.2,396,72,March
Pine Apple,,280,350,1.3,455,91,March
Banana,,15,20,6,120,30,March
Strawberry,,390,500,1,500,110,March
Banana,,15,20,6,120,30,March
Mango,,75,100,1,100,25,March
Grapes,,300,460,1.5,690,240,March
Water Melon,,60,100,2,200,80,March
Pine Apple,,280,350,1.3,455,91,March
Paw-Paw,,270,330,1.2,396,72,March
Banana,,15,20,6,120,30,March
Grapes,,300,460,1.5,690,240,March
Mango,,75,100,1,100,25,March
Paw-Paw,,270,330,1.2,396,72,March
Pine Apple,,280,350,1.3,455,91,March
Grapes,,300,460,1.5,690,240,March
Mango,,75,100,1,100,25,March
Grapes,,300,460,1.5,690,240,March
Grapes,,300,460,1.5,690,240,March
Strawberry,,390,500,1,500,110,March
Apple,,90,120,1.6,192,48,March
Apple,,90,120,1.6,192,48,March
Apple,,90,120,1.6,192,48,March
Water Melon,,60,100,2,200,80,March
Mango,,75,100,1,100,25,March
Strawberry,,390,500,1,500,110,March
Paw-Paw,,270,330,1.2,396,72,March
Strawberry,,390,500,1,500,110,March
Apple,,90,120,1.6,192,48,March
Mango,,75,100,1,100,25,March
Grapes,,300,460,1.5,690,240,March
Grapes,,300,460,1.5,690,240,March
Orange,,12,20,7,140,56,March
Orange,,12,20,7,140,56,March
Water Melon,,60,100,2,200,80,March
Paw-Paw,,270,330,1.2,396,72,March
Orange,,12,20,7,140,56,March
Banana,,15,20,6,120,30,March
Banana,,15,20,6,120,30,March
Orange,,12,20,7,140,56,March
Paw-Paw,,270,330,1.2,396,72,March
Banana,,15,20,6,120,30,March
Pine Apple,,280,350,1.3,455,91,March
Strawberry,,390,500,1,500,110,March
Strawberry,,390,500,1,500,110,March
Pine Apple,,280,350,1.3,455,91,March
Apple,,90,120,1.6,192,48,March
Paw-Paw,,270,330,1.2,396,72,March
Orange,,12,20,7,140,56,March
Orange,,12,20,7,140,56,March
Banana,,15,20,6,120,30,March
Water Melon,,60,100,2,200,80,March
Orange,,12,20,7,140,56,March
Orange,,12,20,7,140,56,March
Water Melon,,60,100,2,200,80,March
Banana,,15,20,6,120,30,March
Banana,,15,20,6,120,30,March
Orange,,12,20,7,140,56,March
Apple,,90,120,1.6,192,48,March
Strawberry,,390,500,1,500,110,March
Paw-Paw,,270,330,1.2,396,72,March
Pine Apple,,280,350,1.3,455,91,March
Banana,,15,20,6,120,30,March
Pine Apple,,280,350,1.3,455,91,March
Water Melon,,60,100,2,200,80,March
Apple,,90,120,1.6,192,48,March
Paw-Paw,,270,330,1.2,396,72,March
Paw-Paw,,270,330,1.2,396,72,March
Orange,,12,20,7,140,56,March
Banana,,15,20,6,120,30,March
Apple,,90,120,1.6,192,48,March
Strawberry,,390,500,1,500,110,March
Strawberry,,390,500,1,500,110,March
Water Melon,,60,100,2,200,80,March
Strawberry,,390,500,1,500,110,March
Grapes,,300,460,1.5,690,240,March
Banana,,15,20,6,120,30,March
Banana,,15,20,6,120,30,March
Banana,,15,20,6,120,30,March
Orange,,12,20,7,140,56,March
Orange,,12,20,7,140,56,March
Water Melon,,60,100,2,200,80,March
Orange,,12,20,7,140,56,March
Orange,,12,20,7,140,56,March
Orange,,12,20,7,140,56,March
Banana,,15,20,6,120,30,March
Paw-Paw,,270,330,1.2,396,72,March
Water Melon,,150,250,4,1000,400,April
Water Melon,,150,250,4,1000,400,April
Water Melon,,150,250,4,1000,400,April
Orange,,20,30,8,240,80,April
Water Melon,,150,250,4,1000,400,April
Grapes,,380,450,1.7,765,119,April
Mango,,120,150,2,300,60,April
Banana,,18,25,8,200,56,April
Orange,,20,30,8,240,80,April
Water Melon,,150,250,4,1000,400,April
Pine Apple,,350,500,2,1000,300,April
Paw-Paw,,370,450,2,900,160,April
Paw-Paw,,370,450,2,900,160,April
Orange,,20,30,8,240,80,April
Banana,,18,25,8,200,56,April
Banana,,18,25,8,200,56,April
Mango,,120,150,2,300,60,April
Mango,,120,150,2,300,60,April
Water Melon,,150,250,4,1000,400,April
Water Melon,,150,250,4,1000,400,April
Water Melon,,150,250,4,1000,400,April
Orange,,20,30,8,240,80,April
Water Melon,,150,250,4,1000,400,April
Orange,,20,30,8,240,80,April
Water Melon,,150,250,4,1000,400,April
Orange,,20,30,8,240,80,April
Water Melon,,150,250,4,1000,400,April
Orange,,20,30,8,240,80,April
Strawberry,,420,550,1.5,825,195,April
Strawberry,,420,550,1.5,825,195,April
Paw-Paw,,370,450,2,900,160,April
Pine Apple,,350,500,2,1000,300,April
Pine Apple,,350,500,2,1000,300,April
Strawberry,,420,550,1.5,825,195,April
Strawberry,,420,550,1.5,825,195,April
Grapes,,380,450,1.7,765,119,April
Orange,,20,30,8,240,80,April
Banana,,18,25,8,200,56,April
Banana,,18,25,8,200,56,April
Orange,,20,30,8,240,80,April
Water Melon,,150,250,4,1000,400,April
Mango,,120,150,2,300,60,April
Grapes,,380,450,1.7,765,119,April
Paw-Paw,,370,450,2,900,160,April
Pine Apple,,350,500,2,1000,300,April
Orange,,20,30,8,240,80,April
Orange,,20,30,8,240,80,April
Banana,,18,25,8,200,56,April
Mango,,120,150,2,300,60,April
Grapes,,380,450,1.7,765,119,April
Paw-Paw,,370,450,2,900,160,April
Strawberry,,420,550,1.5,825,195,April
Water Melon,,150,250,4,1000,400,April
Water Melon,,150,250,4,1000,400,April
Orange,,20,30,8,240,80,April
Water Melon,,150,250,4,1000,400,April
Banana,,18,25,8,200,56,April
Grapes,,380,450,1.7,765,119,April
Strawberry,,420,550,1.5,825,195,April
Apple,,150,200,2,400,100,April
Apple,,150,200,2,400,100,April
Apple,,150,200,2,400,100,April
Paw-Paw,,370,450,2,900,160,April
Pine Apple,,350,500,2,1000,300,April
Water Melon,,150,250,4,1000,400,April
Water Melon,,150,250,4,1000,400,April
Orange,,20,30,8,240,80,April
Water Melon,,150,250,4,1000,400,April
Orange,,20,30,8,240,80,April
Water Melon,,150,250,4,1000,400,April
Orange,,20,30,8,240,80,April
Banana,,18,25,8,200,56,April
Paw-Paw,,370,450,2,900,160,April
Pine Apple,,350,500,2,1000,300,April
Paw-Paw,,370,450,2,900,160,April
Apple,,150,200,2,400,100,April
Apple,,150,200,2,400,100,April
Water Melon,,150,250,4,1000,400,April
Water Melon,,150,250,4,1000,400,April
Paw-Paw,,370,450,2,900,160,April
Pine Apple,,350,500,2,1000,300,April
Grapes,,380,450,1.7,765,119,April
Banana,,18,25,8,200,56,April
Orange,,20,30,8,240,80,April
Mango,,120,150,2,300,60,April
Mango,,120,150,2,300,60,April
Grapes,,380,450,1.7,765,119,April
Strawberry,,420,550,1.5,825,195,April
Paw-Paw,,370,450,2,900,160,April
Pine Apple,,350,500,2,1000,300,April
Pine Apple,,350,500,2,1000,300,April
Orange,,20,30,8,240,80,April
Water Melon,,150,250,4,1000,400,April
Banana,,18,25,8,200,56,April
Orange,,20,30,8,240,80,April
Water Melon,,150,250,4,1000,400,April
Orange,,20,30,8,240,80,April
Banana,,18,25,8,200,56,April
Water Melon,,150,250,4,1000,400,April
Water Melon,,150,250,4,1000,400,April
Paw-Paw,,370,450,2,900,160,April
Water Melon,,150,250,4,1000,400,April
Banana,,18,25,8,200,56,April
Orange,,20,30,8,240,80,April
Orange,,20,30,8,240,80,April
Orange,,20,30,8,240,80,April
Orange,,20,30,8,240,80,April
Water Melon,,150,250,4,1000,400,April
Orange,,20,30,8,240,80,April
Water Melon,,150,250,4,1000,400,April
Orange,,20,30,8,240,80,April
Water Melon,,150,250,4,1000,400,April
Orange,,20,30,8,240,80,April
Water Melon,,150,250,4,1000,400,April
Orange,,20,30,8,240,80,April
Water Melon,,150,250,4,1000,400,April
Pine Apple,,350,500,2,1000,300,April
Grapes,,380,450,1.7,765,119,April
Mango,,120,150,2,300,60,April
Paw-Paw,,370,450,2,900,160,April
Apple,,150,200,2,400,100,April
Apple,,150,200,2,400,100,April
Paw-Paw,,370,450,2,900,160,April
Strawberry,,420,550,1.5,825,195,April
Water Melon,,150,250,4,1000,400,April
Strawberry,,420,550,1.5,825,195,April
Water Melon,,150,250,4,1000,400,April
Paw-Paw,,370,450,2,900,160,April
Grapes,,380,450,1.7,765,119,April
Grapes,,380,450,1.7,765,119,April
Mango,,120,150,2,300,60,April
Strawberry,,420,550,1.5,825,195,April
Mango,,120,150,2,300,60,April
Water Melon,,150,250,4,1000,400,April
Paw-Paw,,370,450,2,900,160,April
Banana,,18,25,8,200,56,April
Pine Apple,,350,500,2,1000,300,April
Paw-Paw,,370,450,2,900,160,April
Water Melon,,150,250,4,1000,400,April
Pine Apple,,350,500,2,1000,300,April
Pine Apple,,350,500,2,1000,300,April
Banana,,18,25,8,200,56,April
Orange,,20,30,8,240,80,April
Apple,,150,200,2,400,100,April
Paw-Paw,,370,450,2,900,160,April
Pine Apple,,350,500,2,1000,300,April
Orange,,20,30,8,240,80,April
Paw-Paw,,370,450,2,900,160,April
Pine Apple,,350,500,2,1000,300,April
Banana,,18,25,8,200,56,April
Strawberry,,420,550,1.5,825,195,April
Banana,,18,25,8,200,56,April
Mango,,120,150,2,300,60,April
Grapes,,380,450,1.7,765,119,April
Water Melon,,150,250,4,1000,400,April
Pine Apple,,350,500,2,1000,300,April
Paw-Paw,,370,450,2,900,160,April
Banana,,18,25,8,200,56,April
Grapes,,380,450,1.7,765,119,April
Mango,,120,150,2,300,60,April
Paw-Paw,,370,450,2,900,160,April
Pine Apple,,350,500,2,1000,300,April
Grapes,,380,450,1.7,765,119,April
Mango,,120,150,2,300,60,April
Grapes,,380,450,1.7,765,119,April
Grapes,,380,450,1.7,765,119,April
Strawberry,,420,550,1.5,825,195,April
Apple,,150,200,2,400,100,April
Apple,,150,200,2,400,100,April
Apple,,150,200,2,400,100,April
Water Melon,,150,250,4,1000,400,April
Mango,,120,150,2,300,60,April
Strawberry,,420,550,1.5,825,195,April
Paw-Paw,,370,450,2,900,160,April
Strawberry,,420,550,1.5,825,195,April
Apple,,150,200,2,400,100,April
Mango,,120,150,2,300,60,April
Grapes,,380,450,1.7,765,119,April
Grapes,,380,450,1.7,765,119,April
Mango,,120,150,2,300,60,April
Mango,,120,150,2,300,60,April
Water Melon,,150,250,4,1000,400,April
Mango,,120,150,2,300,60,April
Water Melon,,150,250,4,1000,400,April
Banana,,18,25,8,200,56,April
Orange,,20,30,8,240,80,April
Orange,,20,30,8,240,80,April
Orange,,20,30,8,240,80,April
Orange,,20,30,8,240,80,April
Water Melon,,150,250,4,1000,400,April
Water Melon,,150,250,4,1000,400,April
Mango,,120,150,2,300,60,April
Mango,,120,150,2,300,60,April
Water Melon,,150,250,4,1000,400,April
Water Melon,,150,250,4,1000,400,April
Orange,,20,30,8,240,80,April
Orange,,20,30,8,240,80,April
Orange,,20,30,8,240,80,April
Water Melon,,150,250,4,1000,400,April
Orange,,20,30,8,240,80,April
Mango,,120,150,2,300,60,April
Water Melon,,150,250,4,1000,400,April
Orange,,20,30,8,240,80,April
Mango,,120,150,2,300,60,April
Water Melon,,150,250,4,1000,400,April
Orange,,20,30,8,240,80,April
Water Melon,,150,250,4,1000,400,April
Mango,,120,150,2,300,60,April
Water Melon,,150,250,4,1000,400,April
Orange,,20,30,8,240,80,April
Mango,,120,150,2,300,60,April
Water Melon,,150,250,4,1000,400,April
Mango,,120,150,2,300,60,April
Orange,,20,30,8,240,80,April
Paw-Paw,,370,450,2,900,160,April
Paw-Paw,,370,450,2,900,160,April
Pine Apple,,350,500,2,1000,300,April
Pine Apple,,350,500,2,1000,300,April
Water Melon,,150,250,4,1000,400,April
Orange,,20,30,8,240,80,April
Strawberry,,420,550,1.5,825,195,April
Strawberry,,420,550,1.5,825,195,April
Paw-Paw,,370,450,2,900,160,April
Apple,,150,200,2,400,100,April
Apple,,150,200,2,400,100,April
Grapes,,380,450,1.7,765,119,April
Paw-Paw,,370,450,2,900,160,April
Grapes,,380,450,1.7,765,119,April
Paw-Paw,,370,450,2,900,160,April
Pine Apple,,350,500,2,1000,300,April
Orange,,20,30,8,240,80,April
Orange,,20,30,8,240,80,April
Water Melon,,150,250,4,1000,400,April
Paw-Paw,,370,450,2,900,160,April
Orange,,20,30,8,240,80,April
Banana,,18,25,8,200,56,April
Banana,,18,25,8,200,56,April
Orange,,20,30,8,240,80,April
Paw-Paw,,370,450,2,900,160,April
Banana,,18,25,8,200,56,April
Pine Apple,,350,500,2,1000,300,April
Strawberry,,420,550,1.5,825,195,April
Strawberry,,420,550,1.5,825,195,April
Pine Apple,,350,500,2,1000,300,April
Apple,,150,200,2,400,100,April
Paw-Paw,,370,450,2,900,160,April
Orange,,20,30,8,240,80,April
Orange,,20,30,8,240,80,April
Banana,,18,25,8,200,56,April
Water Melon,,150,250,4,1000,400,April
Orange,,20,30,8,240,80,April
Orange,,20,30,8,240,80,April
Water Melon,,150,250,4,1000,400,April
Banana,,18,25,8,200,56,April
Banana,,18,25,8,200,56,April
Orange,,20,30,8,240,80,April
Apple,,150,200,2,400,100,April
Strawberry,,420,550,1.5,825,195,April
Paw-Paw,,370,450,2,900,160,April
Pine Apple,,350,500,2,1000,300,April
Banana,,18,25,8,200,56,April
Pine Apple,,350,500,2,1000,300,April
Water Melon,,150,250,4,1000,400,April
Apple,,150,200,2,400,100,April
Paw-Paw,,370,450,2,900,160,April
Paw-Paw,,370,450,2,900,160,April
Orange,,20,30,8,240,80,April
Banana,,18,25,8,200,56,April
Apple,,150,200,2,400,100,April
Strawberry,,420,550,1.5,825,195,April
Strawberry,,420,550,1.5,825,195,April
Water Melon,,150,250,4,1000,400,April
Strawberry,,420,550,1.5,825,195,April
Grapes,,380,450,1.7,765,119,April
Banana,,18,25,8,200,56,April
Banana,,18,25,8,200,56,April
Banana,,18,25,8,200,56,April
Orange,,20,30,8,240,80,April
Orange,,20,30,8,240,80,April
Water Melon,,150,250,4,1000,400,April
Orange,,20,30,8,240,80,April
Orange,,20,30,8,240,80,April
Orange,,20,30,8,240,80,April
Banana,,18,25,8,200,56,April
Paw-Paw,,370,450,2,900,160,April
Water Melon,,150,250,4,1000,400,April
Water Melon,,150,250,4,1000,400,April
Water Melon,,150,250,4,1000,400,April
Orange,,20,30,8,240,80,April
Water Melon,,150,250,4,1000,400,April
Grapes,,380,450,1.7,765,119,April
Mango,,120,150,2,300,60,April
Banana,,18,25,8,200,56,April
Orange,,20,30,8,240,80,April
Water Melon,,150,250,4,1000,400,April
Pine Apple,,350,500,2,1000,300,April
Paw-Paw,,370,450,2,900,160,April
Paw-Paw,,370,450,2,900,160,April
Orange,,20,30,8,240,80,April
Banana,,18,25,8,200,56,April
Banana,,18,25,8,200,56,April
Mango,,120,150,2,300,60,April
Mango,,120,150,2,300,60,April
Water Melon,,150,250,4,1000,400,April
Water Melon,,150,250,4,1000,400,April
Water Melon,,150,250,4,1000,400,April
Orange,,20,30,8,240,80,April
Water Melon,,150,250,4,1000,400,April
Orange,,20,30,8,240,80,April
Water Melon,,150,250,4,1000,400,April
Orange,,20,30,8,240,80,April
Water Melon,,150,250,4,1000,400,April
Orange,,20,30,8,240,80,April
Strawberry,,420,550,1.5,825,195,April
Strawberry,,420,550,1.5,825,195,April
Paw-Paw,,370,450,2,900,160,April
Pine Apple,,350,500,2,1000,300,April
Pine Apple,,350,500,2,1000,300,April
Strawberry,,420,550,1.5,825,195,April
Strawberry,,420,550,1.5,825,195,April
Grapes,,380,450,1.7,765,119,April
Orange,,20,30,8,240,80,April
Banana,,18,25,8,200,56,April
Banana,,18,25,8,200,56,April
Orange,,20,30,8,240,80,April
Water Melon,,150,250,4,1000,400,April
Mango,,120,150,2,300,60,April
Grapes,,380,450,1.7,765,119,April
Paw-Paw,,370,450,2,900,160,April
Pine Apple,,350,500,2,1000,300,April
Orange,,20,30,8,240,80,April
Orange,,20,30,8,240,80,April
Banana,,18,25,8,200,56,April
Mango,,120,150,2,300,60,April
Grapes,,380,450,1.7,765,119,April
Paw-Paw,,370,450,2,900,160,April
Strawberry,,420,550,1.5,825,195,April
Water Melon,,150,250,4,1000,400,April
Water Melon,,150,250,4,1000,400,April
Orange,,20,30,8,240,80,April
Water Melon,,150,250,4,1000,400,April
Banana,,18,25,8,200,56,April
Grapes,,380,450,1.7,765,119,April
Strawberry,,420,550,1.5,825,195,April
Apple,,150,200,2,400,100,April
Apple,,150,200,2,400,100,April
Apple,,150,200,2,400,100,April
Paw-Paw,,370,450,2,900,160,April
Pine Apple,,350,500,2,1000,300,April
Water Melon,,150,250,4,1000,400,April
Water Melon,,150,250,4,1000,400,April
Orange,,20,30,8,240,80,April
Water Melon,,150,250,4,1000,400,April
Orange,,20,30,8,240,80,April
Water Melon,,150,250,4,1000,400,April
Orange,,20,30,8,240,80,April
Banana,,18,25,8,200,56,April
Paw-Paw,,370,450,2,900,160,April
Pine Apple,,350,500,2,1000,300,April
Paw-Paw,,370,450,2,900,160,April
Apple,,150,200,2,400,100,April
Apple,,150,200,2,400,100,April
Water Melon,,150,250,4,1000,400,April
Water Melon,,150,250,4,1000,400,April
Paw-Paw,,370,450,2,900,160,April
Pine Apple,,350,500,2,1000,300,April
Grapes,,380,450,1.7,765,119,April
Banana,,18,25,8,200,56,April
Orange,,20,30,8,240,80,April
Mango,,120,150,2,300,60,April
Mango,,120,150,2,300,60,April
Grapes,,380,450,1.7,765,119,April
Strawberry,,420,550,1.5,825,195,April
Paw-Paw,,370,450,2,900,160,April
Pine Apple,,350,500,2,1000,300,April
Pine Apple,,350,500,2,1000,300,April
Orange,,20,30,8,240,80,April
Water Melon,,150,250,4,1000,400,April
Banana,,18,25,8,200,56,April
Orange,,20,30,8,240,80,April
Water Melon,,150,250,4,1000,400,April
Orange,,20,30,8,240,80,April
Banana,,18,25,8,200,56,April
Water Melon,,150,250,4,1000,400,April
Water Melon,,150,250,4,1000,400,April
Paw-Paw,,370,450,2,900,160,April
Water Melon,,150,250,4,1000,400,April
Banana,,18,25,8,200,56,April
Orange,,20,30,8,240,80,April
Orange,,20,30,8,240,80,April
Orange,,20,30,8,240,80,April
Orange,,20,30,8,240,80,April
Water Melon,,150,250,4,1000,400,April
Orange,,20,30,8,240,80,April
Water Melon,,150,250,4,1000,400,April
Orange,,20,30,8,240,80,April
Water Melon,,150,250,4,1000,400,April
Orange,,20,30,8,240,80,April
Water Melon,,150,250,4,1000,400,April
Orange,,20,30,8,240,80,April
Water Melon,,150,250,4,1000,400,April
Pine Apple,,350,500,2,1000,300,April
Grapes,,380,450,1.7,765,119,April
Mango,,120,150,2,300,60,April
Paw-Paw,,370,450,2,900,160,April
Apple,,150,200,2,400,100,April
Apple,,150,200,2,400,100,April
Paw-Paw,,370,450,2,900,160,April
Strawberry,,420,550,1.5,825,195,April
Water Melon,,150,250,4,1000,400,April
Strawberry,,420,550,1.5,825,195,April
Water Melon,,180,270,3,810,270,May
Paw-Paw,,350,450,1.9,855,190,May
Grapes,,400,500,1.5,750,150,May
Grapes,,400,500,1.5,750,150,May
Mango,,125,120,2,240,-10,May
Strawberry,,460,550,1.7,935,153,May
Mango,,125,120,2,240,-10,May
Water Melon,,180,270,3,810,270,May
Paw-Paw,,350,450,1.9,855,190,May
Banana,,18,25,9,225,63,May
Pine Apple,,370,450,2,900,160,May
Paw-Paw,,350,450,1.9,855,190,May
Water Melon,,180,270,3,810,270,May
Pine Apple,,370,450,2,900,160,May
Pine Apple,,370,450,2,900,160,May
Banana,,18,25,9,225,63,May
Orange,,19,30,9,270,99,May
Apple,,150,200,2,400,100,May
Paw-Paw,,350,450,1.9,855,190,May
Pine Apple,,370,450,2,900,160,May
Orange,,19,30,9,270,99,May
Paw-Paw,,350,450,1.9,855,190,May
Pine Apple,,370,450,2,900,160,May
Banana,,18,25,9,225,63,May
Strawberry,,460,550,1.7,935,153,May
Banana,,18,25,9,225,63,May
Mango,,125,120,2,240,-10,May
Grapes,,400,500,1.5,750,150,May
Water Melon,,180,270,3,810,270,May
Pine Apple,,370,450,2,900,160,May
Paw-Paw,,350,450,1.9,855,190,May
Banana,,18,25,9,225,63,May
Grapes,,400,500,1.5,750,150,May
Mango,,125,120,2,240,-10,May
Paw-Paw,,350,450,1.9,855,190,May
Pine Apple,,370,450,2,900,160,May
Grapes,,400,500,1.5,750,150,May
Mango,,125,120,2,240,-10,May
Grapes,,400,500,1.5,750,150,May
Grapes,,400,500,1.5,750,150,May
Strawberry,,460,550,1.7,935,153,May
Apple,,150,200,2,400,100,May
Apple,,150,200,2,400,100,May
Apple,,150,200,2,400,100,May
Water Melon,,180,270,3,810,270,May
Mango,,125,120,2,240,-10,May
Strawberry,,460,550,1.7,935,153,May
Paw-Paw,,350,450,1.9,855,190,May
Strawberry,,460,550,1.7,935,153,May
Apple,,150,200,2,400,100,May
Mango,,125,120,2,240,-10,May
Grapes,,400,500,1.5,750,150,May
Grapes,,400,500,1.5,750,150,May
Orange,,19,30,9,270,99,May
Orange,,19,30,9,270,99,May
Water Melon,,180,270,3,810,270,May
Paw-Paw,,350,450,1.9,855,190,May
Orange,,19,30,9,270,99,May
Banana,,18,25,9,225,63,May
Banana,,18,25,9,225,63,May
Orange,,19,30,9,270,99,May
Paw-Paw,,350,450,1.9,855,190,May
Banana,,18,25,9,225,63,May
Pine Apple,,370,450,2,900,160,May
Strawberry,,460,550,1.7,935,153,May
Strawberry,,460,550,1.7,935,153,May
Pine Apple,,370,450,2,900,160,May
Apple,,150,200,2,400,100,May
Paw-Paw,,350,450,1.9,855,190,May
Orange,,19,30,9,270,99,May
Orange,,19,30,9,270,99,May
Banana,,18,25,9,225,63,May
Water Melon,,180,270,3,810,270,May
Orange,,19,30,9,270,99,May
Orange,,19,30,9,270,99,May
Water Melon,,180,270,3,810,270,May
Banana,,18,25,9,225,63,May
Banana,,18,25,9,225,63,May
Orange,,19,30,9,270,99,May
Apple,,150,200,2,400,100,May
Strawberry,,460,550,1.7,935,153,May
Paw-Paw,,350,450,1.9,855,190,May
Pine Apple,,370,450,2,900,160,May
Banana,,18,25,9,225,63,May
Pine Apple,,370,450,2,900,160,May
Water Melon,,180,270,3,810,270,May
Apple,,150,200,2,400,100,May
Paw-Paw,,350,450,1.9,855,190,May
Paw-Paw,,350,450,1.9,855,190,May
Orange,,19,30,9,270,99,May
Banana,,18,25,9,225,63,May
Apple,,150,200,2,400,100,May
Strawberry,,460,550,1.7,935,153,May
Strawberry,,460,550,1.7,935,153,May
Water Melon,,180,270,3,810,270,May
Strawberry,,460,550,1.7,935,153,May
Grapes,,400,500,1.5,750,150,May
Banana,,18,25,9,225,63,May
Banana,,18,25,9,225,63,May
Banana,,18,25,9,225,63,May
Orange,,19,30,9,270,99,May
Orange,,19,30,9,270,99,May
Water Melon,,180,270,3,810,270,May
Orange,,19,30,9,270,99,May
Orange,,19,30,9,270,99,May
Orange,,19,30,9,270,99,May
Banana,,18,25,9,225,63,May
Paw-Paw,,350,450,1.9,855,190,May
Water Melon,,180,270,3,810,270,May
Water Melon,,180,270,3,810,270,May
Water Melon,,180,270,3,810,270,May
Orange,,19,30,9,270,99,May
Water Melon,,180,270,3,810,270,May
Grapes,,400,500,1.5,750,150,May
Mango,,125,120,2,240,-10,May
Banana,,18,25,9,225,63,May
Orange,,19,30,9,270,99,May
Water Melon,,180,270,3,810,270,May
Pine Apple,,370,450,2,900,160,May
Paw-Paw,,350,450,1.9,855,190,May
Paw-Paw,,350,450,1.9,855,190,May
Orange,,19,30,9,270,99,May
Banana,,18,25,9,225,63,May
Banana,,18,25,9,225,63,May
Mango,,125,120,2,240,-10,May
Mango,,125,120,2,240,-10,May
Water Melon,,180,270,3,810,270,May
Water Melon,,180,270,3,810,270,May
Water Melon,,180,270,3,810,270,May
Orange,,19,30,9,270,99,May
Water Melon,,180,270,3,810,270,May
Orange,,19,30,9,270,99,May
Water Melon,,180,270,3,810,270,May
Orange,,19,30,9,270,99,May
Water Melon,,180,270,3,810,270,May
Orange,,19,30,9,270,99,May
Strawberry,,460,550,1.7,935,153,May
Strawberry,,460,550,1.7,935,153,May
Paw-Paw,,350,450,1.9,855,190,May
Pine Apple,,370,450,2,900,160,May
Pine Apple,,370,450,2,900,160,May
Strawberry,,460,550,1.7,935,153,May
Strawberry,,460,550,1.7,935,153,May
Grapes,,400,500,1.5,750,150,May
Orange,,19,30,9,270,99,May
Banana,,18,25,9,225,63,May
Banana,,18,25,9,225,63,May
Orange,,19,30,9,270,99,May
Water Melon,,180,270,3,810,270,May
Mango,,125,120,2,240,-10,May
Grapes,,400,500,1.5,750,150,May
Paw-Paw,,350,450,1.9,855,190,May
Pine Apple,,370,450,2,900,160,May
Orange,,19,30,9,270,99,May
Orange,,19,30,9,270,99,May
Banana,,18,25,9,225,63,May
Mango,,125,120,2,240,-10,May
Grapes,,400,500,1.5,750,150,May
Paw-Paw,,350,450,1.9,855,190,May
Strawberry,,460,550,1.7,935,153,May
Water Melon,,180,270,3,810,270,May
Water Melon,,180,270,3,810,270,May
Orange,,19,30,9,270,99,May
Water Melon,,180,270,3,810,270,May
Banana,,18,25,9,225,63,May
Grapes,,400,500,1.5,750,150,May
Strawberry,,460,550,1.7,935,153,May
Apple,,150,200,2,400,100,May
Apple,,150,200,2,400,100,May
Apple,,150,200,2,400,100,May
Paw-Paw,,350,450,1.9,855,190,May
Pine Apple,,370,450,2,900,160,May
Water Melon,,180,270,3,810,270,May
Water Melon,,180,270,3,810,270,May
Orange,,19,30,9,270,99,May
Water Melon,,180,270,3,810,270,May
Orange,,19,30,9,270,99,May
Water Melon,,180,270,3,810,270,May
Orange,,19,30,9,270,99,May
Banana,,18,25,9,225,63,May
Paw-Paw,,350,450,1.9,855,190,May
Pine Apple,,370,450,2,900,160,May
Paw-Paw,,350,450,1.9,855,190,May
Apple,,150,200,2,400,100,May
Apple,,150,200,2,400,100,May
Water Melon,,180,270,3,810,270,May
Water Melon,,180,270,3,810,270,May
Paw-Paw,,350,450,1.9,855,190,May
Pine Apple,,370,450,2,900,160,May
Grapes,,400,500,1.5,750,150,May
Banana,,18,25,9,225,63,May
Orange,,19,30,9,270,99,May
Mango,,125,120,2,240,-10,May
Mango,,125,120,2,240,-10,May
Grapes,,400,500,1.5,750,150,May
Strawberry,,460,550,1.7,935,153,May
Paw-Paw,,350,450,1.9,855,190,May
Pine Apple,,370,450,2,900,160,May
Pine Apple,,370,450,2,900,160,May
Orange,,19,30,9,270,99,May
Water Melon,,180,270,3,810,270,May
Banana,,18,25,9,225,63,May
Orange,,19,30,9,270,99,May
Water Melon,,180,270,3,810,270,May
Orange,,19,30,9,270,99,May
Banana,,18,25,9,225,63,May
Water Melon,,180,270,3,810,270,May
Water Melon,,180,270,3,810,270,May
Paw-Paw,,350,450,1.9,855,190,May
Water Melon,,180,270,3,810,270,May
Banana,,18,25,9,225,63,May
Orange,,19,30,9,270,99,May
Orange,,19,30,9,270,99,May
Orange,,19,30,9,270,99,May
Orange,,19,30,9,270,99,May
Water Melon,,180,270,3,810,270,May
Orange,,19,30,9,270,99,May
Water Melon,,180,270,3,810,270,May
Orange,,19,30,9,270,99,May
Water Melon,,180,270,3,810,270,May
Orange,,19,30,9,270,99,May
Water Melon,,180,270,3,810,270,May
Orange,,19,30,9,270,99,May
Water Melon,,180,270,3,810,270,May
Pine Apple,,370,450,2,900,160,May
Grapes,,400,500,1.5,750,150,May
Mango,,125,120,2,240,-10,May
Paw-Paw,,350,450,1.9,855,190,May
Apple,,150,200,2,400,100,May
Apple,,150,200,2,400,100,May
Paw-Paw,,350,450,1.9,855,190,May
Strawberry,,460,550,1.7,935,153,May
Water Melon,,180,270,3,810,270,May
Strawberry,,460,550,1.7,935,153,May
Water Melon,,180,270,3,810,270,May
Paw-Paw,,350,450,1.9,855,190,May
Grapes,,400,500,1.5,750,150,May
Grapes,,400,500,1.5,750,150,May
Mango,,125,120,2,240,-10,May
Strawberry,,460,550,1.7,935,153,May
Mango,,125,120,2,240,-10,May
Water Melon,,180,270,3,810,270,May
Paw-Paw,,350,450,1.9,855,190,May
Banana,,18,25,9,225,63,May
Pine Apple,,370,450,2,900,160,May
Paw-Paw,,350,450,1.9,855,190,May
Water Melon,,180,270,3,810,270,May
Pine Apple,,370,450,2,900,160,May
Pine Apple,,370,450,2,900,160,May
Banana,,18,25,9,225,63,May
Orange,,19,30,9,270,99,May
Apple,,150,200,2,400,100,May
Paw-Paw,,350,450,1.9,855,190,May
Pine Apple,,370,450,2,900,160,May
Orange,,19,30,9,270,99,May
Paw-Paw,,350,450,1.9,855,190,May
Pine Apple,,370,450,2,900,160,May
Banana,,18,25,9,225,63,May
Strawberry,,460,550,1.7,935,153,May
Banana,,18,25,9,225,63,May
Mango,,125,120,2,240,-10,May
Grapes,,400,500,1.5,750,150,May
Water Melon,,180,270,3,810,270,May
Pine Apple,,370,450,2,900,160,May
Paw-Paw,,350,450,1.9,855,190,May
Banana,,18,25,9,225,63,May
Grapes,,400,500,1.5,750,150,May
Mango,,125,120,2,240,-10,May
Paw-Paw,,350,450,1.9,855,190,May
Pine Apple,,370,450,2,900,160,May
Grapes,,400,500,1.5,750,150,May
Mango,,125,120,2,240,-10,May
Grapes,,400,500,1.5,750,150,May
Grapes,,400,500,1.5,750,150,May
Strawberry,,460,550,1.7,935,153,May
Apple,,150,200,2,400,100,May
Apple,,150,200,2,400,100,May
Apple,,150,200,2,400,100,May
Water Melon,,180,270,3,810,270,May
Mango,,125,120,2,240,-10,May
Strawberry,,460,550,1.7,935,153,May
Paw-Paw,,350,450,1.9,855,190,May
Strawberry,,460,550,1.7,935,153,May
Apple,,150,200,2,400,100,May
Mango,,125,120,2,240,-10,May
Grapes,,400,500,1.5,750,150,May
Grapes,,400,500,1.5,750,150,May
Mango,,125,120,2,240,-10,May
Mango,,125,120,2,240,-10,May
Water Melon,,180,270,3,810,270,May
Mango,,125,120,2,240,-10,May
Water Melon,,180,270,3,810,270,May
Banana,,18,25,9,225,63,May
Orange,,19,30,9,270,99,May
Orange,,19,30,9,270,99,May
Orange,,19,30,9,270,99,May
Orange,,19,30,9,270,99,May
Water Melon,,180,270,3,810,270,May
Water Melon,,180,270,3,810,270,May
Mango,,125,120,2,240,-10,May
Mango,,125,120,2,240,-10,May
Water Melon,,180,270,3,810,270,May
Water Melon,,180,270,3,810,270,May
Orange,,19,30,9,270,99,May
Orange,,19,30,9,270,99,May
Orange,,19,30,9,270,99,May
Water Melon,,180,270,3,810,270,May
Orange,,19,30,9,270,99,May
Mango,,125,120,2,240,-10,May
Water Melon,,180,270,3,810,270,May
Orange,,19,30,9,270,99,May
Mango,,125,120,2,240,-10,May
Water Melon,,180,270,3,810,270,May
Orange,,19,30,9,270,99,May
Water Melon,,180,270,3,810,270,May
Mango,,125,120,2,240,-10,May
Water Melon,,180,270,3,810,270,May
Orange,,19,30,9,270,99,May
Mango,,125,120,2,240,-10,May
Water Melon,,180,270,3,810,270,May
Mango,,125,120,2,240,-10,May
Orange,,19,30,9,270,99,May
Paw-Paw,,350,450,1.9,855,190,May
Paw-Paw,,350,450,1.9,855,190,May
Pine Apple,,370,450,2,900,160,May
Pine Apple,,370,450,2,900,160,May
Water Melon,,180,270,3,810,270,May
Orange,,19,30,9,270,99,May
Strawberry,,460,550,1.7,935,153,May
Strawberry,,460,550,1.7,935,153,May
Paw-Paw,,350,450,1.9,855,190,May
Apple,,150,200,2,400,100,May
Apple,,150,200,2,400,100,May
Grapes,,400,500,1.5,750,150,May
Paw-Paw,,350,450,1.9,855,190,May
Grapes,,400,500,1.5,750,150,May
Paw-Paw,,350,450,1.9,855,190,May
Pine Apple,,370,450,2,900,160,May
Orange,,19,30,9,270,99,May
Orange,,19,30,9,270,99,May
Water Melon,,180,270,3,810,270,May
Paw-Paw,,350,450,1.9,855,190,May
Orange,,19,30,9,270,99,May
Banana,,18,25,9,225,63,May
Banana,,18,25,9,225,63,May
Orange,,19,30,9,270,99,May
Paw-Paw,,350,450,1.9,855,190,May
Banana,,18,25,9,225,63,May
Pine Apple,,370,450,2,900,160,May
Strawberry,,460,550,1.7,935,153,May
Strawberry,,460,550,1.7,935,153,May
Pine Apple,,370,450,2,900,160,May
Apple,,150,200,2,400,100,May
Paw-Paw,,350,450,1.9,855,190,May
Orange,,19,30,9,270,99,May
Orange,,19,30,9,270,99,May
Banana,,18,25,9,225,63,May
Water Melon,,180,270,3,810,270,May
Orange,,19,30,9,270,99,May
Orange,,19,30,9,270,99,May
Water Melon,,180,270,3,810,270,May
Banana,,18,25,9,225,63,May
Banana,,18,25,9,225,63,May
Orange,,19,30,9,270,99,May
Apple,,150,200,2,400,100,May
Strawberry,,460,550,1.7,935,153,May
Paw-Paw,,350,450,1.9,855,190,May
Pine Apple,,370,450,2,900,160,May
Banana,,18,25,9,225,63,May
Pine Apple,,370,450,2,900,160,May
Water Melon,,180,270,3,810,270,May
Apple,,150,200,2,400,100,May
Paw-Paw,,350,450,1.9,855,190,May
Paw-Paw,,350,450,1.9,855,190,May
Orange,,19,30,9,270,99,May
Banana,,18,25,9,225,63,May
Apple,,150,200,2,400,100,May
Strawberry,,460,550,1.7,935,153,May
Strawberry,,460,550,1.7,935,153,May
Water Melon,,180,270,3,810,270,May
Strawberry,,460,550,1.7,935,153,May
Grapes,,400,500,1.5,750,150,May
Banana,,18,25,9,225,63,May
Banana,,18,25,9,225,63,May
Banana,,18,25,9,225,63,May
Orange,,19,30,9,270,99,May
Orange,,19,30,9,270,99,May
Water Melon,,180,270,3,810,270,May
Orange,,19,30,9,270,99,May
Orange,,19,30,9,270,99,May
Orange,,19,30,9,270,99,May
Banana,,18,25,9,225,63,May
Paw-Paw,,350,450,1.9,855,190,May
Water Melon,,180,270,3,810,270,May
Water Melon,,180,270,3,810,270,May
Water Melon,,180,270,3,810,270,May
Orange,,19,30,9,270,99,May
Water Melon,,180,270,3,810,270,May
Grapes,,400,500,1.5,750,150,May
Mango,,125,120,2,240,-10,May
Banana,,18,25,9,225,63,May
Orange,,19,30,9,270,99,May
Water Melon,,180,270,3,810,270,May
Pine Apple,,370,450,2,900,160,May
Paw-Paw,,350,450,1.9,855,190,May
Paw-Paw,,350,450,1.9,855,190,May
Orange,,19,30,9,270,99,May
Banana,,18,25,9,225,63,May
Banana,,18,25,9,225,63,May
Mango,,125,120,2,240,-10,May
Mango,,125,120,2,240,-10,May
Water Melon,,180,270,3,810,270,May
Water Melon,,180,270,3,810,270,May
Water Melon,,180,270,3,810,270,May
Orange,,19,30,9,270,99,May
Water Melon,,180,270,3,810,270,May
Orange,,19,30,9,270,99,May
Water Melon,,180,270,3,810,270,May
Orange,,19,30,9,270,99,May
Water Melon,,180,270,3,810,270,May
Orange,,19,30,9,270,99,May
Strawberry,,460,550,1.7,935,153,May
Strawberry,,460,550,1.7,935,153,May
Paw-Paw,,350,450,1.9,855,190,May
Pine Apple,,370,450,2,900,160,May
Pine Apple,,370,450,2,900,160,May
Strawberry,,460,550,1.7,935,153,May
Strawberry,,460,550,1.7,935,153,May
Grapes,,400,500,1.5,750,150,May
Orange,,19,30,9,270,99,May
Banana,,18,25,9,225,63,May
Banana,,18,25,9,225,63,May
Orange,,19,30,9,270,99,May
Water Melon,,180,270,3,810,270,May
Mango,,125,120,2,240,-10,May
Grapes,,400,500,1.5,750,150,May
Paw-Paw,,350,450,1.9,855,190,May
Pine Apple,,370,450,2,900,160,May
Orange,,19,30,9,270,99,May
Orange,,19,30,9,270,99,May
Banana,,18,25,9,225,63,May
Mango,,125,120,2,240,-10,May
Grapes,,400,500,1.5,750,150,May
Paw-Paw,,350,450,1.9,855,190,May
Strawberry,,460,550,1.7,935,153,May
Water Melon,,180,270,3,810,270,May
Water Melon,,180,270,3,810,270,May
Orange,,19,30,9,270,99,May
Water Melon,,180,270,3,810,270,May
Banana,,18,25,9,225,63,May
Grapes,,400,500,1.5,750,150,May
Strawberry,,460,550,1.7,935,153,May
Apple,,150,200,2,400,100,May
Apple,,150,200,2,400,100,May
Apple,,150,200,2,400,100,May
Paw-Paw,,350,450,1.9,855,190,May
Pine Apple,,370,450,2,900,160,May
Water Melon,,180,270,3,810,270,May
Water Melon,,180,270,3,810,270,May
Orange,,19,30,9,270,99,May
Water Melon,,180,270,3,810,270,May
Orange,,19,30,9,270,99,May
Water Melon,,180,270,3,810,270,May
Orange,,19,30,9,270,99,May
Banana,,18,25,9,225,63,May
Paw-Paw,,350,450,1.9,855,190,May
Pine Apple,,370,450,2,900,160,May
Paw-Paw,,350,450,1.9,855,190,May
Apple,,150,200,2,400,100,May
Apple,,150,200,2,400,100,May
Water Melon,,180,270,3,810,270,May
Water Melon,,180,270,3,810,270,May
Paw-Paw,,350,450,1.9,855,190,May
Pine Apple,,370,450,2,900,160,May
Grapes,,400,500,1.5,750,150,May
Banana,,18,25,9,225,63,May
Orange,,19,30,9,270,99,May
Mango,,125,120,2,240,-10,May
Mango,,125,120,2,240,-10,May
Grapes,,400,500,1.5,750,150,May
Strawberry,,460,550,1.7,935,153,May
Paw-Paw,,350,450,1.9,855,190,May
Pine Apple,,370,450,2,900,160,May
Pine Apple,,370,450,2,900,160,May
Orange,,19,30,9,270,99,May
Water Melon,,180,270,3,810,270,May
Banana,,18,25,9,225,63,May
Orange,,19,30,9,270,99,May
Water Melon,,180,270,3,810,270,May
Orange,,19,30,9,270,99,May
Banana,,18,25,9,225,63,May
Water Melon,,180,270,3,810,270,May
Water Melon,,180,270,3,810,270,May
Paw-Paw,,350,450,1.9,855,190,May
Water Melon,,180,270,3,810,270,May
Banana,,18,25,9,225,63,May
Orange,,19,30,9,270,99,May
Orange,,19,30,9,270,99,May
Orange,,19,30,9,270,99,May
Orange,,19,30,9,270,99,May
Water Melon,,180,270,3,810,270,May
Orange,,19,30,9,270,99,May
Water Melon,,180,270,3,810,270,May
Orange,,19,30,9,270,99,May
Water Melon,,180,270,3,810,270,May
Orange,,19,30,9,270,99,May
Water Melon,,180,270,3,810,270,May
Orange,,19,30,9,270,99,May
Water Melon,,180,270,3,810,270,May
Pine Apple,,370,450,2,900,160,May
Grapes,,400,500,1.5,750,150,May
Mango,,125,120,2,240,-10,May
Paw-Paw,,350,450,1.9,855,190,May
Apple,,150,200,2,400,100,May
Apple,,150,200,2,400,100,May
Paw-Paw,,350,450,1.9,855,190,May
Strawberry,,460,550,1.7,935,153,May
Water Melon,,180,270,3,810,270,May
Strawberry,,460,550,1.7,935,153,May
Water Melon,,180,270,3,810,270,May
Paw-Paw,,350,450,1.9,855,190,May
Grapes,,400,500,1.5,750,150,May
Grapes,,400,500,1.5,750,150,May
Mango,,125,120,2,240,-10,May
Strawberry,,460,550,1.7,935,153,May
Mango,,125,120,2,240,-10,May
Water Melon,,180,270,3,810,270,May
Paw-Paw,,350,450,1.9,855,190,May
Banana,,18,25,9,225,63,May
Pine Apple,,370,450,2,900,160,May
Paw-Paw,,350,450,1.9,855,190,May
Water Melon,,180,270,3,810,270,May
Pine Apple,,370,450,2,900,160,May
Pine Apple,,370,450,2,900,160,May
Banana,,18,25,9,225,63,May
Orange,,19,30,9,270,99,May
Apple,,150,200,2,400,100,May
Paw-Paw,,350,450,1.9,855,190,May
Pine Apple,,370,450,2,900,160,May
Orange,,19,30,9,270,99,May
Paw-Paw,,350,450,1.9,855,190,May
Pine Apple,,370,450,2,900,160,May
Banana,,18,25,9,225,63,May
Strawberry,,460,550,1.7,935,153,May
Banana,,18,25,9,225,63,May
Mango,,125,120,2,240,-10,May
Grapes,,400,500,1.5,750,150,May
Water Melon,,180,270,3,810,270,May
Pine Apple,,370,450,2,900,160,May
Paw-Paw,,350,450,1.9,855,190,May
Banana,,18,25,9,225,63,May
Grapes,,400,500,1.5,750,150,May
Mango,,125,120,2,240,-10,May
Paw-Paw,,350,450,1.9,855,190,May
Pine Apple,,370,450,2,900,160,May
Grapes,,400,500,1.5,750,150,May
Mango,,125,120,2,240,-10,May
Grapes,,400,500,1.5,750,150,May
Grapes,,400,500,1.5,750,150,May
Strawberry,,460,550,1.7,935,153,May
Apple,,150,200,2,400,100,May
Apple,,150,200,2,400,100,May
Apple,,150,200,2,400,100,May
Water Melon,,180,270,3,810,270,May
Mango,,125,120,2,240,-10,May
Strawberry,,460,550,1.7,935,153,May
Paw-Paw,,350,450,1.9,855,190,May
Strawberry,,460,550,1.7,935,153,May
Apple,,150,200,2,400,100,May
Mango,,125,120,2,240,-10,May
Grapes,,400,500,1.5,750,150,May
Grapes,,400,500,1.5,750,150,May
Orange,,19,30,9,270,99,May
Orange,,19,30,9,270,99,May
Water Melon,,180,270,3,810,270,May
Paw-Paw,,350,450,1.9,855,190,May
Orange,,19,30,9,270,99,May
Banana,,18,25,9,225,63,May
Banana,,18,25,9,225,63,May
Orange,,19,30,9,270,99,May
Paw-Paw,,350,450,1.9,855,190,May
Banana,,18,25,9,225,63,May
Pine Apple,,370,450,2,900,160,May
Strawberry,,460,550,1.7,935,153,May
Strawberry,,460,550,1.7,935,153,May
Pine Apple,,370,450,2,900,160,May
Apple,,150,200,2,400,100,May
Paw-Paw,,350,450,1.9,855,190,May
Orange,,19,30,9,270,99,May
Orange,,19,30,9,270,99,May
Banana,,18,25,9,225,63,May
Water Melon,,180,270,3,810,270,May
Orange,,19,30,9,270,99,May
Orange,,19,30,9,270,99,May
Water Melon,,180,270,3,810,270,May
Banana,,18,25,9,225,63,May
Banana,,18,25,9,225,63,May
Orange,,19,30,9,270,99,May
Apple,,150,200,2,400,100,May
Strawberry,,460,550,1.7,935,153,May
Paw-Paw,,350,450,1.9,855,190,May
Pine Apple,,370,450,2,900,160,May
Banana,,18,25,9,225,63,May
Pine Apple,,370,450,2,900,160,May
Water Melon,,180,270,3,810,270,May
Apple,,150,200,2,400,100,May
Paw-Paw,,350,450,1.9,855,190,May
Paw-Paw,,350,450,1.9,855,190,May
Orange,,13,17,4,68,16,June
Banana,,14,17,4,68,12,June
Apple,,80,120,1,120,40,June
Strawberry,,350,420,1,420,70,June
Strawberry,,350,420,1,420,70,June
Water Melon,,80,120,2,240,80,June
Strawberry,,350,420,1,420,70,June
Grapes,,270,300,1,300,30,June
Banana,,14,17,4,68,12,June
Banana,,14,17,4,68,12,June
Banana,,14,17,4,68,12,June
Orange,,13,17,4,68,16,June
Orange,,13,17,4,68,16,June
Water Melon,,80,120,2,240,80,June
Orange,,13,17,4,68,16,June
Orange,,13,17,4,68,16,June
Orange,,13,17,4,68,16,June
Banana,,14,17,4,68,12,June
Paw-Paw,,280,350,1,350,70,June
Water Melon,,80,120,2,240,80,June
Water Melon,,80,120,2,240,80,June
Water Melon,,80,120,2,240,80,June
Orange,,13,17,4,68,16,June
Water Melon,,80,120,2,240,80,June
Grapes,,270,300,1,300,30,June
Mango,,45,70,6,420,150,June
Banana,,14,17,4,68,12,June
Orange,,13,17,4,68,16,June
Water Melon,,80,120,2,240,80,June
Pine Apple,,250,350,1,350,100,June
Paw-Paw,,280,350,1,350,70,June
Paw-Paw,,280,350,1,350,70,June
Orange,,13,17,4,68,16,June
Banana,,14,17,4,68,12,June
Banana,,14,17,4,68,12,June
Mango,,45,70,6,420,150,June
Mango,,45,70,6,420,150,June
Water Melon,,80,120,2,240,80,June
Water Melon,,80,120,2,240,80,June
Water Melon,,80,120,2,240,80,June
Orange,,13,17,4,68,16,June
Water Melon,,80,120,2,240,80,June
Orange,,13,17,4,68,16,June
Water Melon,,80,120,2,240,80,June
Orange,,13,17,4,68,16,June
Water Melon,,80,120,2,240,80,June
Orange,,13,17,4,68,16,June
Strawberry,,350,420,1,420,70,June
Strawberry,,350,420,1,420,70,June
Paw-Paw,,280,350,1,350,70,June
Pine Apple,,250,350,1,350,100,June
Pine Apple,,250,350,1,350,100,June
Strawberry,,350,420,1,420,70,June
Strawberry,,350,420,1,420,70,June
Grapes,,270,300,1,300,30,June
Orange,,13,17,4,68,16,June
Banana,,14,17,4,68,12,June
Banana,,14,17,4,68,12,June
Orange,,13,17,4,68,16,June
Water Melon,,80,120,2,240,80,June
Mango,,45,70,6,420,150,June
Grapes,,270,300,1,300,30,June
Paw-Paw,,280,350,1,350,70,June
Pine Apple,,250,350,1,350,100,June
Orange,,13,17,4,68,16,June
Orange,,13,17,4,68,16,June
Banana,,14,17,4,68,12,June
Mango,,45,70,6,420,150,June
Grapes,,270,300,1,300,30,June
Paw-Paw,,280,350,1,350,70,June
Strawberry,,350,420,1,420,70,June
Water Melon,,80,120,2,240,80,June
Water Melon,,80,120,2,240,80,June
Orange,,13,17,4,68,16,June
Water Melon,,80,120,2,240,80,June
Banana,,14,17,4,68,12,June
Grapes,,270,300,1,300,30,June
Strawberry,,350,420,1,420,70,June
Apple,,80,120,1,120,40,June
Apple,,80,120,1,120,40,June
Apple,,80,120,1,120,40,June
Paw-Paw,,280,350,1,350,70,June
Pine Apple,,250,350,1,350,100,June
Water Melon,,80,120,2,240,80,June
Water Melon,,80,120,2,240,80,June
Orange,,13,17,4,68,16,June
Water Melon,,80,120,2,240,80,June
Orange,,13,17,4,68,16,June
Water Melon,,80,120,2,240,80,June
Orange,,13,17,4,68,16,June
Banana,,14,17,4,68,12,June
Paw-Paw,,280,350,1,350,70,June
Pine Apple,,250,350,1,350,100,June
Paw-Paw,,280,350,1,350,70,June
Apple,,80,120,1,120,40,June
Apple,,80,120,1,120,40,June
Water Melon,,80,120,2,240,80,June
Water Melon,,80,120,2,240,80,June
Paw-Paw,,280,350,1,350,70,June
Pine Apple,,250,350,1,350,100,June
Grapes,,270,300,1,300,30,June
Banana,,14,17,4,68,12,June
Orange,,13,17,4,68,16,June
Mango,,45,70,6,420,150,June
Mango,,45,70,6,420,150,June
Grapes,,270,300,1,300,30,June
Strawberry,,350,420,1,420,70,June
Paw-Paw,,280,350,1,350,70,June
Pine Apple,,250,350,1,350,100,June
Pine Apple,,250,350,1,350,100,June
Orange,,13,17,4,68,16,June
Water Melon,,80,120,2,240,80,June
Banana,,14,17,4,68,12,June
Orange,,13,17,4,68,16,June
Water Melon,,80,120,2,240,80,June
Orange,,13,17,4,68,16,June
Banana,,14,17,4,68,12,June
Water Melon,,80,120,2,240,80,June
Water Melon,,80,120,2,240,80,June
Paw-Paw,,280,350,1,350,70,June
Water Melon,,80,120,2,240,80,June
Banana,,14,17,4,68,12,June
Orange,,13,17,4,68,16,June
Orange,,13,17,4,68,16,June
Orange,,13,17,4,68,16,June
Orange,,13,17,4,68,16,June
Water Melon,,80,120,2,240,80,June
Orange,,13,17,4,68,16,June
Water Melon,,80,120,2,240,80,June
Orange,,13,17,4,68,16,June
Water Melon,,80,120,2,240,80,June
Orange,,13,17,4,68,16,June
Water Melon,,80,120,2,240,80,June
Orange,,13,17,4,68,16,June
Water Melon,,80,120,2,240,80,June
Pine Apple,,250,350,1,350,100,June
Grapes,,270,300,1,300,30,June
Mango,,45,70,6,420,150,June
Paw-Paw,,280,350,1,350,70,June
Apple,,80,120,1,120,40,June
Apple,,80,120,1,120,40,June
Paw-Paw,,280,350,1,350,70,June
Strawberry,,350,420,1,420,70,June
Water Melon,,80,120,2,240,80,June
Strawberry,,350,420,1,420,70,June
Water Melon,,80,120,2,240,80,June
Paw-Paw,,280,350,1,350,70,June
Grapes,,270,300,1,300,30,June
Grapes,,270,300,1,300,30,June
Mango,,45,70,6,420,150,June
Strawberry,,350,420,1,420,70,June
Mango,,45,70,6,420,150,June
Water Melon,,80,120,2,240,80,June
Paw-Paw,,280,350,1,350,70,June
Banana,,14,17,4,68,12,June
Pine Apple,,250,350,1,350,100,June
Paw-Paw,,280,350,1,350,70,June
Water Melon,,80,120,2,240,80,June
Pine Apple,,250,350,1,350,100,June
Pine Apple,,250,350,1,350,100,June
Banana,,14,17,4,68,12,June
Orange,,13,17,4,68,16,June
Apple,,80,120,1,120,40,June
Paw-Paw,,280,350,1,350,70,June
Pine Apple,,250,350,1,350,100,June
Orange,,13,17,4,68,16,June
Paw-Paw,,280,350,1,350,70,June
Pine Apple,,250,350,1,350,100,June
Banana,,14,17,4,68,12,June
Strawberry,,350,420,1,420,70,June
Banana,,14,17,4,68,12,June
Mango,,45,70,6,420,150,June
Grapes,,270,300,1,300,30,June
Water Melon,,80,120,2,240,80,June
Pine Apple,,250,350,1,350,100,June
Paw-Paw,,280,350,1,350,70,June
Banana,,14,17,4,68,12,June
Grapes,,270,300,1,300,30,June
Mango,,45,70,6,420,150,June
Paw-Paw,,280,350,1,350,70,June
Pine Apple,,250,350,1,350,100,June
Grapes,,270,300,1,300,30,June
Mango,,45,70,6,420,150,June
Grapes,,270,300,1,300,30,June
Grapes,,270,300,1,300,30,June
Strawberry,,350,420,1,420,70,June
Apple,,80,120,1,120,40,June
Apple,,80,120,1,120,40,June
Apple,,80,120,1,120,40,June
Water Melon,,80,120,2,240,80,June
Mango,,45,70,6,420,150,June
Strawberry,,350,420,1,420,70,June
Paw-Paw,,280,350,1,350,70,June
Strawberry,,350,420,1,420,70,June
Apple,,80,120,1,120,40,June
Mango,,45,70,6,420,150,June
Grapes,,270,300,1,300,30,June
Grapes,,270,300,1,300,30,June
Mango,,45,70,6,420,150,June
Mango,,45,70,6,420,150,June
Water Melon,,80,120,2,240,80,June
Mango,,45,70,6,420,150,June
Water Melon,,80,120,2,240,80,June
Banana,,14,17,4,68,12,June
Orange,,13,17,4,68,16,June
Orange,,13,17,4,68,16,June
Orange,,15,18,6,108,18,July
Orange,,15,18,6,108,18,July
Water Melon,,150,250,1,250,100,July
Water Melon,,150,250,1,250,100,July
Mango,,45,75,12,900,360,July
Mango,,45,75,12,900,360,July
Water Melon,,150,250,1,250,100,July
Water Melon,,150,250,1,250,100,July
Orange,,15,18,6,108,18,July
Orange,,15,18,6,108,18,July
Orange,,15,18,6,108,18,July
Water Melon,,150,250,1,250,100,July
Orange,,15,18,6,108,18,July
Mango,,45,75,12,900,360,July
Water Melon,,150,250,1,250,100,July
Orange,,15,18,6,108,18,July
Mango,,45,75,12,900,360,July
Water Melon,,150,250,1,250,100,July
Orange,,15,18,6,108,18,July
Water Melon,,150,250,1,250,100,July
Mango,,45,75,12,900,360,July
Water Melon,,150,250,1,250,100,July
Orange,,15,18,6,108,18,July
Mango,,45,75,12,900,360,July
Water Melon,,150,250,1,250,100,July
Mango,,45,75,12,900,360,July
Orange,,15,18,6,108,18,July
Paw-Paw,,220,270,5,1350,250,July
Paw-Paw,,220,270,5,1350,250,July
Pine Apple,,235,320,3,960,255,July
Pine Apple,,235,320,3,960,255,July
Water Melon,,150,250,1,250,100,July
Orange,,15,18,6,108,18,July
Strawberry,,350,400,5,2000,250,July
Strawberry,,350,400,5,2000,250,July
Paw-Paw,,220,270,5,1350,250,July
Apple,,70,100,6,600,180,July
Apple,,70,100,4,400,120,July
Grapes,,250,300,5,1500,250,July
Paw-Paw,,220,270,5,1350,250,July
Grapes,,250,300,5,1500,250,July
Paw-Paw,,220,270,5,1350,250,July
Pine Apple,,235,320,5,1600,425,July
